{
  "debug": false,
  "dry_run": false,
  "exchange_pair_names": ["binance", "okex"],
  "default_makeonly_exchange_name": "okex",
  "default_increase_position_threshold": 0.0012,
  "default_decrease_position_threshold": -0.0004,
  "default_cancel_increase_position_ratio": 0.75,
  "default_cancel_decrease_position_ratio": 0.25,
  "max_used_margin": 0.9,
  "default_max_notional_per_order": 20,
  "default_max_notional_per_symbol": 100,
  "default_cancel_position_timeout": 120,
  "symbol_leverage": 2,
  "dyn_threshold": {
    "increase_sigma": 4.0,
    "decrease_sigma": -2.0,
    "time_window_seconds": 1800
  },
  "output_data": {
    "order_loop": "./data/order_loop.csv"
  },
  "cross_arbitrage_symbol_datas": [
    {
      "symbol_name": "APT/USDT",
      "makeonly_exchange_name": "okex",
      "makeonly_long_threshold_data": {
        "increase_position_threshold": 0.0012,
        "cancel_increase_position_threshold": 0.0009,
        "decrease_position_threshold": 0.0,
        "cancel_decrease_position_threshold": 0.0003
      },
      "makeonly_short_threshold_data": {
        "increase_position_threshold": -0.0012,
        "decrease_position_threshold": 0.0
      }
    }
  ]
}
